Ahmed Irfan <ahmed.irfan@alumni.unitn.it>
Alastair Reid <alastair.d.reid@gmail.com>
Alberto Griggio <griggio@fbk.eu>
Alessandro Girardi <girardiale00@gmail.com>
Alexey Ignatiev <aignatiev@ciencias.ulisboa.pt>
Anant Prasad <Anantprsd5@gmail.com>
Andrea Micheli <micheli.andrea@gmail.com>
Andres Noetzli <andres.noetzli@gmail.com>
Ankit raj ojha <anoj123anru@gmail.com>
Caleb Donovick <donovick@cs.stanford.edu>
Cristian Mattarei <cristian.mattarei@gmail.com>
Daniel Ricardo dos Santos <danielricardo.santos@gmail.com>
Enrico Magnago <en.magnago@gmail.com>
Eric Kilmer <eric.d.kilmer@gmail.com>
Gabriele Masina <gabriele.masina@virgilio.it>
Haozhong Zhang <hzzhan9@gmail.com>
Ioannis Filippidis <jfilippidis@gmail.com>
John Vandenberg <jayvdb@gmail.com>
Kamyar Mohajerani <kammoh@gmail.com>
Kangjing Huang
Leonard Truong <lenny@stanford.edu>
Lukas Dresel <lukas.dresel@cs.ucsb.edu>
Makai Mann <makaim@stanford.edu>
M. Fareed Arif <fareed.arif@yahoo.com>
Marco Gario <marco.gario@gmail.com>
Mathias Preiner <mathias.preiner@gmail.com>
Matthew Venn  <matt@mattvenn.net>
Nitish  <nkd.2195@gmail.com>
Radomir Stevanovic <radomir.stevanovic@gmail.com>
Samuel Kolb
Samuele Gallerani <samuele@gallerani.com>
Sebastiano Mariani <mariani.sebastiano@gmail.com>
Suresh Gl <sureshgl009@gmail.com>
Taylor Hodge <j.taylor.hodge@gmail.com>
Varun Patro <varun.kumar.patro@gmail.com>
Vijay Raghavan <vijaysgr8@gmail.com>
Wael-Amine Boutglay <btwael@gmail.com>
Yoni Zohar <yoni206@gmail.com>
Yuri Malheiros <yurimalheiros@gmail.com>
Aryan Kumar <akumm2k@gmail.com>
